zona,area_quartos,enderecos_lista,aluguel
zona-norte,60 m² construídos2 quartos,"Av Maestro Villa Lobos, Vila Gustavo, São Paulo Zona Norte, São Paulo",1.600
zona-norte,30 m² construídos1 quarto,"R Das Tâmaras, Vila Paulista, São Paulo Zona Norte, São Paulo",900
zona-norte,51 m² construídos2 quartos,"Rua José Timotheo Da Silva, Jardim Peri, São Paulo Zona Norte, São Paulo",950
zona-norte,126 m² construídos3 quartos,"Rua Plinio Colás, Lauzane Paulista, São Paulo Zona Norte, São Paulo",2.500
zona-norte,55 m² construídos1 quarto,"Rua Doutor Gabriel Covelli, Parque Peruche, São Paulo Zona Norte, São Paulo",900
zona-norte,58 m² construídos2 quartos,"Rua Dos Camarés  150, Carandiru, São Paulo Zona Norte, São Paulo",1.490
zona-norte,77 m² construídos3 quartos,"Avenida Direitos Humanos, Imirim, São Paulo Zona Norte, São Paulo",1.800
zona-norte,96 m² construídos2 quartos,"Rua Francisco Da Lira, Jardim Leonor Mendes De Barros, São Paulo Zona Norte, São Paulo",1.211
zona-norte,52 m² construídos2 quartos,"Avenida Basiléia, Lauzane Paulista, São Paulo Zona Norte, São Paulo",1.200
zona-norte,33 m² construídos1 quarto,"Rua Nossa Senhora Operária, Vila Guilherme, São Paulo Zona Norte, São Paulo",1.000
zona-norte,32 m² construídos1 quarto,"Avenida Imirim, Imirim, São Paulo Zona Norte, São Paulo",850
zona-norte,130 m² construídos4 quartos,"Avenida Miguel Conejo, Vila Albertina, São Paulo Zona Norte, São Paulo",3.300
zona-norte,50 m² construídos2 quartos,"Rua Custódio José Duarte, Vila Ede, São Paulo Zona Norte, São Paulo",950
zona-norte,58 m² construídos2 quartos,"Largo Da Matriz Velha, Freguesia Do Ó, São Paulo Zona Norte, São Paulo",1.400
zona-norte,120 m² construídos3 quartos,"Rua Campo Comprido, Vila Romero, São Paulo Zona Norte, São Paulo",1.278
zona-norte,33 m² construídos1 quarto,"Avenida Conceição, Vila Paiva, São Paulo Zona Norte, São Paulo",991
zona-norte,64 m² construídos2 quartos,"Rua Ladeira Velha, Freguesia Do Ó, São Paulo Zona Norte, São Paulo",1.220
zona-norte,30 m² construídos1 quarto,"Rua Professor Dário Ribeiro, Vila Prado, São Paulo Zona Norte, São Paulo",700
zona-norte,40 m² construídos1 quarto,"Travessa B, Vila Gustavo, São Paulo Zona Norte, São Paulo",990
zona-norte,80 m² construídos3 quartos,"Avenida General Ataliba Leonel, Parada Inglesa, São Paulo Zona Norte, São Paulo",3.200
zona-norte,100 m² construídos3 quartos,"Rua Professor Paul Hugon, Vila Aurora, São Paulo Zona Norte, São Paulo",2.600
zona-norte,58 m² construídos2 quartos,"Rua Piratininga, Jardim Brasília (zona Norte), São Paulo Zona Norte, São Paulo",1.900
zona-norte,150 m² construídos3 quartos,"Rua Tomé De Lara, Tucuruvi, São Paulo Zona Norte, São Paulo",3.950
zona-norte,75 m² construídos3 quartos,"Avenida General Ataliba Leonel, Parada Inglesa, São Paulo Zona Norte, São Paulo",1.900
zona-norte,148 m² construídos3 quartos,"Avenida Nova Cantareira, Tucuruvi, São Paulo Zona Norte, São Paulo",4.500
zona-norte,212 m² construídos3 quartos,"Rua Itanhangá, Tucuruvi, São Paulo Zona Norte, São Paulo",3.500
zona-norte,78 m² construídos2 quartos,"Rua Duarte De Azevedo, Santana, São Paulo Zona Norte, São Paulo",1.800
zona-norte,55 m² construídos2 quartos,"Rua Nicolau Tolentino De Almeida, Vila Dionisia, São Paulo Zona Norte, São Paulo",1.300
zona-norte,60 m² construídos2 quartos,"Rua Mére Marie Anais De Sion, Vila Cachoeira, São Paulo Zona Norte, São Paulo",1.415
zona-norte,50 m² construídos1 quarto,"Rua Desembargador Euclides Da Silveira, Casa Verde, São Paulo Zona Norte, São Paulo",2.500
zona-norte,75 m² construídos1 quarto,"Rua Antonieta Leitão, Nossa Senhora Do Ó, São Paulo Zona Norte, São Paulo",1.400
zona-norte,50 m² construídos1 quarto,"Rua Pelegrino, Jardim Do Colégio (zona Norte), São Paulo Zona Norte, São Paulo",1.350
zona-norte,40 m² construídos1 quarto,"Rua Eurico Sodré, Vila Medeiros, São Paulo Zona Norte, São Paulo",681
zona-norte,60 m² construídos1 quarto,"Rua Itamonte, Vila Medeiros, São Paulo Zona Norte, São Paulo",1.040
zona-norte,70 m² construídos2 quartos,"Rua Carlos Adalberto Ilha Macedo, Vila Nova Mazzei, São Paulo Zona Norte, São Paulo",1.500
zona-norte,77 m² construídos3 quartos,"Avenida Álvaro Machado Pedrosa, Parada Inglesa, São Paulo Zona Norte, São Paulo",2.000
zona-norte,49 m² construídos1 quarto,"Rua Desembargador Euclides Da Silveira, Casa Verde, São Paulo Zona Norte, São Paulo",2.400
zona-norte,50 m² construídos1 quarto,"Rua Corneteiro Jesus, Jardim Felicidade (zona Norte), São Paulo Zona Norte, São Paulo",1.000
zona-norte,67 m² construídos2 quartos,"Avenida Álvaro Machado Pedrosa, Parada Inglesa, São Paulo Zona Norte, São Paulo",1.500
zona-norte,116 m² construídos3 quartos,"Rua Conselheiro Moreira De Barros, Santana, São Paulo Zona Norte, São Paulo",1.500
zona-norte,49 m² construídos1 quarto,"Rua Desembargador Euclides Da Silveira, Casa Verde, São Paulo Zona Norte, São Paulo",2.550
zona-norte,70 m² construídos3 quartos,"Rua Sete Barras, Nossa Senhora Do Ó, São Paulo Zona Norte, São Paulo",2.340
zona-norte,450 m² construídos4 quartos,"Rua Dom Luís Felipe De Orleans, Vila Maria Baixa, São Paulo Zona Norte, São Paulo",4.500
zona-norte,30 m² construídos1 quarto,"Avenida Casa Verde, Casa Verde, São Paulo Zona Norte, São Paulo",1.000
zona-norte,55 m² construídos2 quartos,"Av. Conceição, Vila Paiva, São Paulo Zona Norte, São Paulo",2.134
zona-norte,29 m² construídos1 quarto,"Rua Voluntários Da Pátria, Santana, São Paulo Zona Norte, São Paulo",3.300
zona-norte,350 m² construídos1 quarto,"Rua Maestro Antão Fernandes, Jardim São Bento, São Paulo Zona Norte, São Paulo",10.000
zona-norte,143 m² construídos3 quartos,"Avenida Júlio Buono, Vila Gustavo, São Paulo Zona Norte, São Paulo",2.300
zona-norte,40 m² construídos1 quarto,"Rua Amambaí, Vila Maria Baixa, São Paulo Zona Norte, São Paulo",1.350
zona-norte,42 m² construídos1 quarto,"Avenida Conceição, Vila Paiva, São Paulo Zona Norte, São Paulo",1.000
zona-norte,60 m² construídos2 quartos,"Rua Piracema, Santa Teresinha, São Paulo Zona Norte, São Paulo",1.980
zona-norte,70 m² construídos3 quartos,"Rua José Barreto Dos Santos, Vila Mangalot, São Paulo Zona Norte, São Paulo",1.550
zona-norte,51 m² construídos2 quartos,"Avenida Jaçanã, Jaçanã, São Paulo Zona Norte, São Paulo",1.635
zona-norte,92 m² construídos2 quartos,"Rua Ite, Vila Guilherme, São Paulo Zona Norte, São Paulo",1.800
zona-norte,60 m² construídos2 quartos,"Rua Copacabana, Santa Teresinha, São Paulo Zona Norte, São Paulo",1.526
zona-norte,60 m² construídos2 quartos,"Rua Sílvio Rodini, Vila Dom Pedro Ii, São Paulo Zona Norte, São Paulo",1.300
zona-norte,59 m² construídos3 quartos,"Rua Itaúna, Vila Maria Baixa, São Paulo Zona Norte, São Paulo",2.500
zona-norte,78 m² construídos3 quartos,"Avenida Túlio Teodoro De Campos, Vila Paulista, São Paulo Zona Norte, São Paulo",1.695
zona-norte,160 m² construídos3 quartos,"Rua Doutor Luiz Zamenhof, Jardim Paraíso, São Paulo Zona Norte, São Paulo",4.000
zona-norte,150 m² construídos2 quartos,"Rua Francisco Raposo, Vila Nova Mazzei, São Paulo Zona Norte, São Paulo",1.400
zona-norte,57 m² construídos2 quartos,"Avenida Inajar De Souza, Limão, São Paulo Zona Norte, São Paulo",2.400
zona-norte,68 m² construídos2 quartos,"Rua Garção Tinoco, Santana, São Paulo Zona Norte, São Paulo",1.700
zona-norte,34 m² construídos1 quarto,"Rua Mariquinha Viana, Água Fria, São Paulo Zona Norte, São Paulo",1.000
zona-norte,25 m² construídos2 quartos,"Rua Padre Venâncio De Resende, Vila Bandeirantes, São Paulo Zona Norte, São Paulo",850
zona-norte,50 m² construídos2 quartos,"Rua José Ferreira De Castro, Vila Amélia, São Paulo Zona Norte, São Paulo",1.200
zona-norte,180 m² construídos3 quartos,"Travessa Manuel Fraga, Vila Nova Mazzei, São Paulo Zona Norte, São Paulo",3.000
zona-norte,59 m² construídos2 quartos,"Rua Epaminondas Melo Do Amaral, Sítio Do Mandaqui, São Paulo Zona Norte, São Paulo",1.100
zona-norte,90 m² construídos2 quartos,"Rua 21 De Abril, Jardim Brasília (zona Norte), São Paulo Zona Norte, São Paulo",1.800
zona-norte,246 m² construídos6 quartos,"Rua Da Esperança, Vila Medeiros, São Paulo Zona Norte, São Paulo",5.000
zona-norte,179 m² construídos3 quartos,"Rua Soror Angélica, Vila Ester (zona Norte), São Paulo Zona Norte, São Paulo",3.500
zona-norte,52 m² construídos2 quartos,"Rua Hamburgo, Vila Gustavo, São Paulo Zona Norte, São Paulo",1.800
zona-norte,40 m² construídos1 quarto,"Rua Adlai Stevenson, Vila Ester (zona Norte), São Paulo Zona Norte, São Paulo",1.300
zona-norte,60 m² construídos2 quartos,"Rua Manuel Cherem, Vila Paulista, São Paulo Zona Norte, São Paulo",2.000
zona-norte,69 m² construídos1 quarto,"Travessa Barra Do Ribeiro, Vila Barbosa, São Paulo Zona Norte, São Paulo",766
zona-norte,78 m² construídos2 quartos,"Rua Aroaba, Jardim Peri, São Paulo Zona Norte, São Paulo",2.500
zona-norte,35 m² construídos1 quarto,"Avenida Rangel Pestana, Jardim Brasília (zona Norte), São Paulo Zona Norte, São Paulo",1.500
zona-norte,74 m² construídos2 quartos,"Rua Doutor Zuquim, Santana, São Paulo Zona Norte, São Paulo",2.000
zona-norte,63 m² construídos2 quartos,"Rua Sílvio Rodini, Vila Dom Pedro Ii, São Paulo Zona Norte, São Paulo",1.400
zona-norte,30 m² construídos1 quarto,"Rua Eurico Sodré, Vila Medeiros, São Paulo Zona Norte, São Paulo",500
zona-norte,400 m² construídos4 quartos,"Rua Felício Tarabay, Barro Branco, São Paulo Zona Norte, São Paulo",7.000
zona-norte,62 m² construídos2 quartos,"Rua Professor José Miziara, Santa Teresinha, São Paulo Zona Norte, São Paulo",2.000
zona-norte,70 m² construídos3 quartos,"Rua Do Imperador, Vila Paiva, São Paulo Zona Norte, São Paulo",2.000
zona-norte,70 m² construídos2 quartos,"Rua Doutor Heitor Nascimento, Nossa Senhora Do Ó, São Paulo Zona Norte, São Paulo",1.400
zona-norte,54 m² construídos2 quartos,"Rua Paulo César, Vila Mazzei, São Paulo Zona Norte, São Paulo",1.200
zona-norte,162 m² construídos3 quartos,"Rua Cônego Manuel Vaz, Santana, São Paulo Zona Norte, São Paulo",2.500
zona-norte,120 m² construídos3 quartos,"Avenida Tenente Júlio Prado Neves, Vila Albertina, São Paulo Zona Norte, São Paulo",2.000
zona-norte,180 m² construídos3 quartos,"Rua Hintem Martins, Parque Edu Chaves, São Paulo Zona Norte, São Paulo",2.500
zona-norte,90 m² construídos3 quartos,"Rua Raul Dias, Parque Mandaqui, São Paulo Zona Norte, São Paulo",2.180
zona-norte,89 m² construídos3 quartos,"Rua Jorge Valim, Vila Ester (zona Norte), São Paulo Zona Norte, São Paulo",2.630
zona-norte,42 m² construídos2 quartos,"Rua Ventura Carneiro, Vila Celeste, São Paulo Zona Norte, São Paulo",1.150
zona-norte,72 m² construídos2 quartos,"Rua Conselheiro Moreira De Barros, Lauzane Paulista, São Paulo Zona Norte, São Paulo",1.600
zona-norte,173 m² construídos3 quartos,"Rua Almirante Noronha, Jardim São Paulo, São Paulo Zona Norte, São Paulo",2.700
zona-norte,150 m² construídos3 quartos,"Rua Maria Cândida, Vila Guilherme, São Paulo Zona Norte, São Paulo",2.700
zona-norte,83 m² construídos3 quartos,"Avenida Braz Leme, Santana, São Paulo Zona Norte, São Paulo",3.060
zona-norte,200 m² construídos5 quartos,"Rua Cadete Ruytemberg Rocha, Parque Mandaqui, São Paulo Zona Norte, São Paulo",2.600
zona-norte,40 m² construídos1 quarto,"Rua Aragão, Vila Mazzei, São Paulo Zona Norte, São Paulo",1.200
zona-norte,110 m² construídos2 quartos,"Avenida Itaberaba, Nossa Senhora Do Ó, São Paulo Zona Norte, São Paulo",3.000
zona-norte,200 m² construídos3 quartos,"Rua Caraputinga, Vila América, São Paulo Zona Norte, São Paulo",3.000
zona-norte,53 m² construídos2 quartos,"Rua Major Dantas Cortez, Vila Gustavo, São Paulo Zona Norte, São Paulo",2.000
zona-norte,91 m² construídos3 quartos,"Rua Garcia Rodrigues, Parque Mandaqui, São Paulo Zona Norte, São Paulo",1.900
zona-norte,60 m² construídos2 quartos,"Rua Antônio Clemente, Jardim São Paulo, São Paulo Zona Norte, São Paulo",1.850
zona-norte,98 m² construídos3 quartos,"Rua Lúcia Caiaffa, Vila Pereira Barreto, São Paulo Zona Norte, São Paulo",1.800
zona-norte,47 m² construídos1 quarto,"Rua Doutor Gabriel Resende Filho, Chora Menino, São Paulo Zona Norte, São Paulo",1.200
zona-norte,36 m² construídos1 quarto,"Avenida Raimundo Pereira De Magalhães, Jardim Peri, São Paulo Zona Norte, São Paulo",1.200
zona-norte,92 m² construídos3 quartos,"Rua Voluntários Da Pátria, Santana, São Paulo Zona Norte, São Paulo",4.000
zona-norte,76 m² construídos3 quartos,"Rua Capitão Sérvio Rodrigues Caldas, Vila Dom Pedro Ii, São Paulo Zona Norte, São Paulo",2.300
zona-norte,75 m² construídos2 quartos,"Rua Pero Vidal, Parque Vitória, São Paulo Zona Norte, São Paulo",1.500
zona-norte,150 m² construídos4 quartos,"Rua Dráusio Giunchetti Rusin, Jardim Rossin, São Paulo Zona Norte, São Paulo",4.500
zona-norte,70 m² construídos2 quartos,"Rua João Martins Bueno, Vila Nivi, São Paulo Zona Norte, São Paulo",1.700
zona-norte,152 m² construídos3 quartos,"Rua Daniel Rossi, Santana, São Paulo Zona Norte, São Paulo",7.100
zona-norte,160 m² construídos3 quartos,"Avenida Joaquina Ramalho, Vila Guilherme, São Paulo Zona Norte, São Paulo",2.500
zona-norte,65 m² construídos2 quartos,"Rua Barra Da Jangada, Parada Inglesa, São Paulo Zona Norte, São Paulo",1.700
zona-norte,44 m² construídos2 quartos,"Rua Purus, Vila Mazzei, São Paulo Zona Norte, São Paulo",1.600
zona-norte,42 m² construídos2 quartos,"Rua Itaici, Santa Teresinha, São Paulo Zona Norte, São Paulo",2.200
zona-norte,70 m² construídos2 quartos,"Avenida Henri Janor, Vila Santa Terezinha (zona Norte), São Paulo Zona Norte, São Paulo",1.600
zona-norte,80 m² construídos3 quartos,"Avenida General Ataliba Leonel, Santana, São Paulo Zona Norte, São Paulo",3.200
zona-norte,63 m² construídos3 quartos,"Avenida Sebastião Henriques, Vila Siqueira (zona Norte), São Paulo Zona Norte, São Paulo",2.700
zona-norte,72 m² construídos2 quartos,"Rua Almirante Noronha, Jardim São Paulo, São Paulo Zona Norte, São Paulo",1.600
zona-norte,139 m² construídos4 quartos,"Rua Doutor Guilherme Cristoffel, Santana, São Paulo Zona Norte, São Paulo",3.000
zona-norte,60 m² construídos2 quartos,"Rua Capitão Gustavo Lauro Korte, Vila Nova Mazzei, São Paulo Zona Norte, São Paulo",1.500
zona-norte,60 m² construídos2 quartos,"Rua Guerino Giovani Leardini, Vila Barreto, São Paulo Zona Norte, São Paulo",1.600
zona-norte,74 m² construídos2 quartos,"Rua Francisco Lipi, Jardim Vila Rica, São Paulo Zona Norte, São Paulo",1.500
zona-norte,210 m² construídos4 quartos,"Rua Francisca Júlia, Santana, São Paulo Zona Norte, São Paulo",5.700
zona-norte,110 m² construídos3 quartos,"Rua Aguará, Vila Carbone, São Paulo Zona Norte, São Paulo",1.702
zona-norte,240 m² construídos3 quartos,"Rua Genova, Jardim Leonor Mendes De Barros, São Paulo Zona Norte, São Paulo",6.000
zona-norte,55 m² construídos2 quartos,"Rua Paulino De Brito, Jardim Brasil, São Paulo Zona Norte, São Paulo",1.500
zona-norte,53 m² construídos2 quartos,"Avenida Mazzei, Vila Mazzei, São Paulo Zona Norte, São Paulo",2.200
zona-norte,36 m² construídos1 quarto,"Rua Professor Oliveira E Sousa, Vila Cavaton, São Paulo Zona Norte, São Paulo",650
zona-norte,60 m² construídos1 quarto,"Rua Doutor Olavo Egídio, Santana, São Paulo Zona Norte, São Paulo",2.900
zona-norte,79 m² construídos2 quartos,"Rua Garcia Rodrigues, Parque Mandaqui, São Paulo Zona Norte, São Paulo",1.250
zona-norte,95 m² construídos2 quartos,"Rua Marieta Da Silva, Vila Guilherme, São Paulo Zona Norte, São Paulo",2.200
zona-norte,60 m² construídos2 quartos,"Rua Voluntários Da Pátria, Santana, São Paulo Zona Norte, São Paulo",2.507
zona-norte,48 m² construídos2 quartos,"Rua Juan Arfe, Vila Cruz Das Almas, São Paulo Zona Norte, São Paulo",1.200
zona-norte,67 m² construídos3 quartos,"Avenida Daniel Malettini, Vila Aurora, São Paulo Zona Norte, São Paulo",1.300
zona-norte,35 m² construídos1 quarto,"Rua Henrique Leitão, Vila Maria Alta, São Paulo Zona Norte, São Paulo",1.110
zona-norte,90 m² construídos3 quartos,"Rua Doutor Estevão Montebelo, Vila Picinin, São Paulo Zona Norte, São Paulo",2.600
zona-norte,46 m² construídos2 quartos,"Rua Borges, Parada Inglesa, São Paulo Zona Norte, São Paulo",2.500
zona-norte,280 m² construídos4 quartos,"Rua Doutor Ângelo Vita, Vila Zilda, São Paulo Zona Norte, São Paulo",6.000
zona-norte,49 m² construídos2 quartos,"Rua Vicente Ferreira Leite, Vila Siqueira (zona Norte), São Paulo Zona Norte, São Paulo",1.400
zona-norte,30 m² construídos1 quarto,"Rua Said Saad, Vila Amália, São Paulo Zona Norte, São Paulo",770
zona-norte,180 m² construídos4 quartos,"Rua Quedas, Vila Isolina Mazzei, São Paulo Zona Norte, São Paulo",4.200
zona-norte,45 m² construídos2 quartos,"Avenida Celso Garcia, Jardim Brasília (zona Norte), São Paulo Zona Norte, São Paulo",2.000
zona-norte,35 m² construídos1 quarto,"Avenida Doutor Benedito Estevam Dos Santos, Vila Maria Alta, São Paulo Zona Norte, São Paulo",1.000
zona-norte,60 m² construídos2 quartos,"Avenida Antônio De Souza Noschese, Jardim Peri, São Paulo Zona Norte, São Paulo",1.700
zona-norte,42 m² construídos2 quartos,"Rua Itaici, Santa Teresinha, São Paulo Zona Norte, São Paulo",2.200
zona-norte,45 m² construídos1 quarto,"Rua Padre Leão Peruche, Vila Mazzei, São Paulo Zona Norte, São Paulo",1.500
zona-norte,98 m² construídos3 quartos,"Rua Jesuíno De Brito, Freguesia Do Ó, São Paulo Zona Norte, São Paulo",2.100
zona-norte,52 m² construídos2 quartos,"Rua Judith Zumkeller, Parque Mandaqui, São Paulo Zona Norte, São Paulo",1.800
zona-norte,90 m² construídos3 quartos,"Rua Da Bica, Jardim Peri, São Paulo Zona Norte, São Paulo",3.200
zona-norte,50 m² construídos2 quartos,"Rua Juan Arfe, Vila Cruz Das Almas, São Paulo Zona Norte, São Paulo",1.236
zona-norte,70 m² construídos2 quartos,"Avenida Mofarrej, Jardim Peri, São Paulo Zona Norte, São Paulo",3.750
zona-norte,65 m² construídos2 quartos,"Rua Barra Da Jangada, Parada Inglesa, São Paulo Zona Norte, São Paulo",1.700
zona-norte,65 m² construídos2 quartos,"Rua Barra Da Jangada, Parada Inglesa, São Paulo Zona Norte, São Paulo",1.700
zona-norte,65 m² construídos2 quartos,"Rua Barra Da Jangada, Parada Inglesa, São Paulo Zona Norte, São Paulo",1.700
zona-norte,60 m² construídos2 quartos,"Rua Voluntários Da Pátria, Santana, São Paulo Zona Norte, São Paulo",1.650
zona-norte,68 m² construídos2 quartos,"Rua Ribeiro De Morais, Vila Albertina, São Paulo Zona Norte, São Paulo",1.600
zona-norte,50 m² construídos1 quarto,"Rua Doutor Gabriel Covelli, Parque Peruche, São Paulo Zona Norte, São Paulo",1.100
zona-norte,50 m² construídos2 quartos,"Epaminondas Melo Do Amaral, Sítio Do Mandaqui, São Paulo Zona Norte, São Paulo",1.187
zona-norte,97 m² construídos2 quartos,"Avenida Elísio Teixeira Leite, Vila Brasilândia, São Paulo Zona Norte, São Paulo",1.600
zona-norte,70 m² construídos2 quartos,"Avenida Maestro Villa-lobos, Vila Gustavo, São Paulo Zona Norte, São Paulo",1.500
zona-norte,90 m² construídos2 quartos,"Rua Said Saad, Vila Amália, São Paulo Zona Norte, São Paulo",1.600
zona-norte,52 m² construídos2 quartos,"Rua Brito Peixoto, Vila Primavera, São Paulo Zona Norte, São Paulo",2.147
zona-norte,60 m² construídos2 quartos,"Avenida Paulo Lincoln Do Valle Pontin, Jaçanã, São Paulo Zona Norte, São Paulo",1.500
zona-norte,69 m² construídos2 quartos,"Rua Professor Dário Ribeiro, Vila Prado, São Paulo Zona Norte, São Paulo",1.915
zona-norte,37 m² construídos2 quartos,"Rua Alfredo Pujol, Santana, São Paulo Zona Norte, São Paulo",1.700
zona-norte,73 m² construídos3 quartos,"Avenida Santa Inês, Parque Mandaqui, São Paulo Zona Norte, São Paulo",1.700
zona-norte,200 m² construídos4 quartos,"Rua Pedro Setti, Vila Paiva, São Paulo Zona Norte, São Paulo",2.750
zona-norte,87 m² construídos3 quartos,"Voluntários Da Pátria, Santana, São Paulo Zona Norte, São Paulo",2.000
zona-norte,74 m² construídos3 quartos,"Antônio Ribeiro De Morais, Vila Carbone, São Paulo Zona Norte, São Paulo",2.011
zona-norte,50 m² construídos2 quartos,"Rua Ausônia, Vila Mazzei, São Paulo Zona Norte, São Paulo",1.300
zona-norte,56 m² construídos2 quartos,"Rua Henrique Braglia, Vila Dom Pedro Ii, São Paulo Zona Norte, São Paulo",2.306
zona-norte,33 m² construídos1 quarto,"Rua Torres Da Barra, Jardim Peri, São Paulo Zona Norte, São Paulo",1.824
zona-norte,70 m² construídos2 quartos,"Avenida Conceição, Carandiru, São Paulo Zona Norte, São Paulo",2.800
zona-norte,42 m² construídos1 quarto,"Rua Visconde De Parnaíba, Jardim Brasília (zona Norte), São Paulo Zona Norte, São Paulo",2.158
zona-norte,178 m² construídos3 quartos,"Rua Doutor João Batista Soares De Faria, Santana, São Paulo Zona Norte, São Paulo",3.800
zona-norte,100 m² construídos3 quartos,"Rua Francisco Cid, Vila Palmeiras, São Paulo Zona Norte, São Paulo",2.500
zona-norte,53 m² construídos2 quartos,"Rua Eugênio Lorenzetti, Jardim Peri, São Paulo Zona Norte, São Paulo",1.650
zona-norte,47 m² construídos2 quartos,"Rua Rio Verde, Vila Bruna, São Paulo Zona Norte, São Paulo",1.750
zona-norte,60 m² construídos1 quarto,"Rua Doutor Olavo Egídio, Santana, São Paulo Zona Norte, São Paulo",3.300
zona-norte,61 m² construídos1 quarto,"Rua Doutor Olavo Egídio, Santana, São Paulo Zona Norte, São Paulo",3.300
zona-norte,53 m² construídos2 quartos,"Rua Duarte De Azevedo, Santana, São Paulo Zona Norte, São Paulo",1.450
zona-norte,120 m² construídos3 quartos,"Rua Copacabana, Santa Teresinha, São Paulo Zona Norte, São Paulo",3.800
zona-norte,67 m² construídos3 quartos,"Rua Zike Tuma, Jardim Palmares (zona Norte), São Paulo Zona Norte, São Paulo",1.590
zona-norte,75 m² construídos2 quartos,"Rua Relíquia, Jardim Das Laranjeiras, São Paulo Zona Norte, São Paulo",1.850
zona-norte,50 m² construídos2 quartos,"Rua Pedro Cacunda, Jardim São Paulo, São Paulo Zona Norte, São Paulo",2.300
zona-norte,179 m² construídos3 quartos,"Rua Soror Angélica, Vila Ester (zona Norte), São Paulo Zona Norte, São Paulo",3.500
zona-norte,31 m² construídos1 quarto,"Rua Torres Da Barra, Jardim Peri, São Paulo Zona Norte, São Paulo",1.600
zona-norte,20 m² construídos1 quarto,"Rua Itamonte, Vila Medeiros, São Paulo Zona Norte, São Paulo",500
zona-norte,81 m² construídos2 quartos,"Rua Voluntários Da Pátria, Santana, São Paulo Zona Norte, São Paulo",1.750
zona-norte,50 m² construídos2 quartos,"Rua Padre Leão Peruche, Vila Mazzei, São Paulo Zona Norte, São Paulo",1.733
zona-norte,36 m² construídos1 quarto,"Avenida Jardim Japão, Jardim Brasil, São Paulo Zona Norte, São Paulo",860
zona-norte,60 m² construídos1 quarto,"Avenida Leôncio De Magalhães, Jardim São Paulo, São Paulo Zona Norte, São Paulo",1.355
zona-norte,50 m² construídos1 quarto,"Avenida Fuad Lutfalla, Vila Maria Trindade, São Paulo Zona Norte, São Paulo",1.350
zona-norte,60 m² construídos1 quarto,"Avenida Mazzei, Vila Mazzei, São Paulo Zona Norte, São Paulo",1.108
zona-norte,55 m² construídos1 quarto,"Rua Antônio De Paula Freitas, Vila Bancária Munhoz, São Paulo Zona Norte, São Paulo",900
zona-norte,50 m² construídos2 quartos,"Parada Pinto, Vila Nova Cachoeirinha, São Paulo Zona Norte, São Paulo",1.100
zona-norte,30 m² construídos1 quarto,"Alameda Afonso Schmidt, Santa Teresinha, São Paulo Zona Norte, São Paulo",916
zona-norte,30 m² construídos1 quarto,"Rua Caetano Desco, Vila Baruel, São Paulo Zona Norte, São Paulo",1.150
zona-norte,87 m² construídos1 quarto,"Rua Doutor Zuquim, Santana, São Paulo Zona Norte, São Paulo",4.700
zona-norte,40 m² construídos1 quarto,"Rua Cônego Luís Gonzaga Biazi, Carandiru, São Paulo Zona Norte, São Paulo",1.131
zona-norte,50 m² construídos2 quartos,"Rua Vitalina Moura, Vila Roque, São Paulo Zona Norte, São Paulo",1.400
zona-norte,55 m² construídos1 quarto,"Rua Ministro Romeiro Neto, Vila Basileia, São Paulo Zona Norte, São Paulo",1.000
zona-norte,45 m² construídos1 quarto,"Rua Manuel Correia, Vila Palmeiras, São Paulo Zona Norte, São Paulo",800
zona-norte,50 m² construídos1 quarto,"Rua Campo Belo Do Sul 113, Parque Vitória, São Paulo Zona Norte, São Paulo",1.000
zona-norte,80 m² construídos2 quartos,"Rua José Eduardo Raduan 5, Parque Edu Chaves, São Paulo Zona Norte, São Paulo",1.299
zona-norte,30 m² construídos1 quarto,"Rua Rodolfo Bardela 335, Brasilândia, São Paulo Zona Norte, São Paulo",620
zona-norte,50 m² construídos1 quarto,"Brandão Agrões 176, Jardim Peri, São Paulo Zona Norte, São Paulo",799
zona-norte,110 m² construídos2 quartos,"Conceição, Jardim Japão, São Paulo Zona Norte, São Paulo",2.200
zona-norte,70 m² construídos2 quartos,"Lucerna, Jardim Leonor Mendes De Barros, São Paulo Zona Norte, São Paulo",1.800
zona-norte,60 m² construídos2 quartos,"Rua Jamunda 79, Vila Mazzei, São Paulo Zona Norte, São Paulo",1.180
zona-norte,10 m² construídos1 quarto,"Rua Carlos Escobar 282, Santana, São Paulo Zona Norte, São Paulo",800
zona-norte,58 m² construídos2 quartos,"Rua Outeiro Da Cruz, Jardim São Paulo, São Paulo Zona Norte, São Paulo",1.550
zona-norte,600 m² construídos,"Soldado José Rufino Costa, Parque Novo Mundo, São Paulo Zona Norte, São Paulo",10.000
zona-norte,270 m² construídos3 quartos,"Rua General Isidoro Dias Lopes,
                287, Vila Amália, São Paulo Zona Norte, São Paulo",3.000
zona-norte,450 m² construídos4 quartos,"Rua Estrela Do Indaiá,
                172, Vila Albertina, São Paulo Zona Norte, São Paulo",8.500
zona-norte,115 m² construídos2 quartos,"Narita 416, Jardim Japão, São Paulo Zona Norte, São Paulo",2.400
zona-norte,271 m² construídos4 quartos,"Rua Álvaro De Abreu,
                139, Jardim São Paulo, São Paulo Zona Norte, São Paulo",7.500
zona-norte,90 m² construídos,"Avenida Casa Verde,
                2.200, Casa Verde, São Paulo Zona Norte, São Paulo",2.200
zona-norte,35 m² construídos1 quarto,"Av. Nossa Senhora Do Loreto 237, Vila Medeiros, São Paulo Zona Norte, São Paulo",1.100
zona-norte,386 m² construídos,"Av Guapira, Tucuruvi, São Paulo Zona Norte, São Paulo",11.000
zona-norte,87 m² construídos3 quartos,"R Sílvio De Moura, Vila Dom Pedro Ii, São Paulo Zona Norte, São Paulo",2.700
zona-norte,26 m² construídos1 quarto,"Rua Said Saad, Vila Amália, São Paulo Zona Norte, São Paulo",700
zona-norte,42 m² construídos,"Rua Voluntários Da Pátria,
                3744, Santana, São Paulo Zona Norte, São Paulo",2.000
zona-norte,80 m² construídos2 quartos,"Rua Da Grota, Vila Gustavo, São Paulo Zona Norte, São Paulo",1.850
zona-norte,58 m² construídos2 quartos,"Rua Bela Vista Do Paraíso, Vila Palmeiras, São Paulo Zona Norte, São Paulo",1.200
zona-norte,30 m² construídos1 quarto,"Rua Capitão Rubens, Parque Edu Chaves, São Paulo Zona Norte, São Paulo",945
zona-norte,50 m² construídos2 quartos,"Rua Domingos José Sapienza, Vila Amália, São Paulo Zona Norte, São Paulo",1.550
zona-norte,55 m² construídos2 quartos,"Rua Doutor Heitor Nascimento, Nossa Senhora Do Ó, São Paulo Zona Norte, São Paulo",1.600
zona-norte,25 m² construídos1 quarto,"Rua Da Bica, Freguesia Do Ó, São Paulo Zona Norte, São Paulo",800
zona-norte,75 m² construídos2 quartos,"Rua Doutor Zuquim, Santana, São Paulo Zona Norte, São Paulo",1.250
zona-norte,58 m² construídos2 quartos,"Rua Maria Bandini Savoy, Parque Mandaqui, São Paulo Zona Norte, São Paulo",1.300
zona-norte,50 m² construídos2 quartos,"Rua Juan Arfe, Vila Cruz Das Almas, São Paulo Zona Norte, São Paulo",1.300
zona-norte,58 m² construídos2 quartos,"Avenida José Maria Fernandes, Parque Novo Mundo, São Paulo Zona Norte, São Paulo",1.500
zona-norte,20 m² construídos1 quarto,"Rua Ofion, Vila Guilherme, São Paulo Zona Norte, São Paulo",850
zona-norte,"1,600 m² construídos","Ataliba Vieira, Vila Medeiros, São Paulo Zona Norte, São Paulo",25.000
zona-norte,40 m² construídos1 quarto,"Travessa Preciosa, Lauzane Paulista, São Paulo Zona Norte, São Paulo",900
zona-norte,65 m² construídos3 quartos,"Rua Ana De Barros, Jardim Santa Inês, São Paulo Zona Norte, São Paulo",1.400
zona-norte,40 m² construídos1 quarto,"Rua Ascenso Dias Leme, Imirim, São Paulo Zona Norte, São Paulo",550
zona-norte,30 m² construídos1 quarto,"Rua Said Saad, Vila Amália, São Paulo Zona Norte, São Paulo",750
zona-norte,60 m² construídos2 quartos,"Rua Santo Egídio, Santa Teresinha, São Paulo Zona Norte, São Paulo",1.100
zona-norte,70 m² construídos1 quarto,"Rua Da Bica, Freguesia Do Ó, São Paulo Zona Norte, São Paulo",1.200
zona-norte,42 m² construídos1 quarto,"Avenida Guapira, Tucuruvi, São Paulo Zona Norte, São Paulo",1.600
zona-norte,76 m² construídos3 quartos,"Rua João Rudge, Casa Verde, São Paulo Zona Norte, São Paulo",2.500
zona-norte,75 m² construídos1 quarto,"Rua Laerte, Vila Mariza Mazzei, São Paulo Zona Norte, São Paulo",920
zona-norte,55 m² construídos2 quartos,"Rua Alcindo Bueno De Assis, Barro Branco, São Paulo Zona Norte, São Paulo",1.139
zona-norte,72 m² construídos3 quartos,"Avenida Parada Pinto, Vila Nova Cachoeirinha, São Paulo Zona Norte, São Paulo",1.400
zona-norte,35 m² construídos1 quarto,"Rua Gávea, Vila Maria, São Paulo Zona Norte, São Paulo",1.200
zona-norte,36 m² construídos1 quarto,"Avenida Jardim Japão, Jardim Brasil, São Paulo Zona Norte, São Paulo",968
zona-norte,70 m² construídos2 quartos,"Avenida Cônego José Salomon, Jardim Peri, São Paulo Zona Norte, São Paulo",1.200
zona-norte,438 m² construídos4 quartos,"Rua Parque Da Fonte, Barro Branco, São Paulo Zona Norte, São Paulo",9.540
zona-norte,119 m² construídos4 quartos,"Rua Manuel De Sousa, Santana, São Paulo Zona Norte, São Paulo",2.950
zona-norte,20 m² construídos1 quarto,"Rua Ofion, Vila Guilherme, São Paulo Zona Norte, São Paulo",900
zona-norte,35 m² construídos1 quarto,"Rua Doutor Zuquim, Santana, São Paulo Zona Norte, São Paulo",1.800
zona-norte,35 m² construídos1 quarto,"Rua Henrique Braglia, Vila Dom Pedro Ii, São Paulo Zona Norte, São Paulo",1.500
zona-norte,49 m² construídos2 quartos,"Avenida Elísio Teixeira Leite, Vila Brasilândia, São Paulo Zona Norte, São Paulo",1.650
zona-norte,70 m² construídos2 quartos,"Rua Ministro Fonseca Filho, Jaçanã, São Paulo Zona Norte, São Paulo",1.482
zona-norte,100 m² construídos2 quartos,"Rua Marieta Da Silva, Vila Guilherme, São Paulo Zona Norte, São Paulo",2.075
zona-norte,32 m² construídos1 quarto,"Rua Hamburgo, Vila Gustavo, São Paulo Zona Norte, São Paulo",1.300
zona-norte,200 m² construídos4 quartos,"Rua Voluntários Da Pátria, Santana, São Paulo Zona Norte, São Paulo",2.950
zona-norte,131 m² construídos2 quartos,"Rua Ataualpa, Parque Novo Mundo, São Paulo Zona Norte, São Paulo",2.350
zona-norte,500 m² construídos3 quartos,"Rua Parque Da Fonte, Barro Branco, São Paulo Zona Norte, São Paulo",15.000
zona-norte,40 m² construídos1 quarto,"Avenida Milton Da Rocha, Vila Sabrina, São Paulo Zona Norte, São Paulo",1.000
zona-norte,35 m² construídos1 quarto,"Rua Gávea, Vila Maria, São Paulo Zona Norte, São Paulo",1.200
zona-norte,31 m² construídos1 quarto,"Rua Torres Da Barra, Jardim Peri, São Paulo Zona Norte, São Paulo",1.800
zona-norte,51 m² construídos2 quartos,"Rua Zanzibar, Casa Verde, São Paulo Zona Norte, São Paulo",1.390
zona-norte,96 m² construídos3 quartos,"Rua Itaici, Santa Teresinha, São Paulo Zona Norte, São Paulo",1.899
zona-norte,74 m² construídos3 quartos,"Rua Doutor Olavo Egídio, Santana, São Paulo Zona Norte, São Paulo",2.500
zona-norte,100 m² construídos2 quartos,"Rua Antônio De Souza Costa, Imirim, São Paulo Zona Norte, São Paulo",2.500
zona-norte,40 m² construídos1 quarto,"Avenida Milton Da Rocha, Vila Sabrina, São Paulo Zona Norte, São Paulo",1.100
zona-norte,20 m² construídos1 quarto,"Rua Ofion, Vila Guilherme, São Paulo Zona Norte, São Paulo",950
zona-norte,60 m² construídos2 quartos,"Avenida Júlio Buono, Vila Gustavo, São Paulo Zona Norte, São Paulo",2.600
zona-norte,70 m² construídos1 quarto,"Rua Magarinos Torres, Vila Maria, São Paulo Zona Norte, São Paulo",1.450
zona-norte,56 m² construídos2 quartos,"Rua Alfredo Pujol, Santana, São Paulo Zona Norte, São Paulo",1.950
zona-norte,42 m² construídos1 quarto,"Rua Alfredo Pujol, Santana, São Paulo Zona Norte, São Paulo",2.400
zona-norte,87 m² construídos2 quartos,"Rua Cândido Figueiredo, Vila Gustavo, São Paulo Zona Norte, São Paulo",2.241
zona-norte,58 m² construídos1 quarto,"Rua Alferes Magalhães, Santana, São Paulo Zona Norte, São Paulo",1.450
zona-norte,50 m² construídos2 quartos,"Rua Cabo Antônio Pinton, Parque Novo Mundo, São Paulo Zona Norte, São Paulo",1.700
zona-norte,57 m² construídos2 quartos,"Rua José Debieux, Santana, São Paulo Zona Norte, São Paulo",1.600
zona-norte,55 m² construídos2 quartos,"Avenida Imirim, Imirim, São Paulo Zona Norte, São Paulo",1.800
zona-norte,20 m² construídos1 quarto,"Rua Voluntários Da Pátria, Santana, São Paulo Zona Norte, São Paulo",1.250
zona-norte,40 m² construídos1 quarto,"Rua Araritaguaba, Vila Maria Alta, São Paulo Zona Norte, São Paulo",960
zona-norte,58 m² construídos3 quartos,"Rua Eugênio De Freitas, Vila Guilherme, São Paulo Zona Norte, São Paulo",2.061
zona-norte,90 m² construídos2 quartos,"Rua Vasconcelos De Barros, Jardim Rossin, São Paulo Zona Norte, São Paulo",2.500
zona-norte,96 m² construídos3 quartos,"Rua Alfredo Pujol, Santana, São Paulo Zona Norte, São Paulo",2.134
zona-norte,70 m² construídos3 quartos,"Rua Ezequiel Freire, Santana, São Paulo Zona Norte, São Paulo",1.605
zona-norte,45 m² construídos1 quarto,"Rua Doutor Zuquim, Santana, São Paulo Zona Norte, São Paulo",2.650
zona-norte,150 m² construídos3 quartos,"Rua Canatiar, Vila Nova Mazzei, São Paulo Zona Norte, São Paulo",2.600
zona-norte,65 m² construídos2 quartos,"Rua Pedroso Xavier, Vila Albertina, São Paulo Zona Norte, São Paulo",2.300
zona-norte,50 m² construídos1 quarto,"Rua Relíquia, Jardim Das Laranjeiras, São Paulo Zona Norte, São Paulo",1.250
zona-norte,127 m² construídos2 quartos,"Rua São Zeferino, Jardim França, São Paulo Zona Norte, São Paulo",1.750
zona-norte,500 m² construídos4 quartos,"Rua Joaquim José Da Cruz Secco, Barro Branco, São Paulo Zona Norte, São Paulo",14.000
zona-norte,70 m² construídos1 quarto,"Rua Das Promessas, Vila Medeiros, São Paulo Zona Norte, São Paulo",1.100
zona-norte,60 m² construídos2 quartos,"Rua Clara De Oliveira, Santa Teresinha, São Paulo Zona Norte, São Paulo",1.500
zona-norte,55 m² construídos2 quartos,"Rua Jorge Valim, Parque Peruche, São Paulo Zona Norte, São Paulo",2.400
zona-norte,55 m² construídos2 quartos,"Rua Macieira, Jardim Peri, São Paulo Zona Norte, São Paulo",1.700
zona-norte,126 m² construídos3 quartos,"Rua Luis Tavares, Vila Guilherme, São Paulo Zona Norte, São Paulo",5.000
zona-norte,46 m² construídos2 quartos,"Rua Gávea, Vila Maria, São Paulo Zona Norte, São Paulo",1.600
zona-norte,45 m² construídos1 quarto,"Rua Joaquim Norberto, Vila Paulicéia, São Paulo Zona Norte, São Paulo",1.800
zona-norte,238 m² construídos3 quartos,"Rua Doutor Guilherme Cristoffel, Santana, São Paulo Zona Norte, São Paulo",8.000
zona-norte,46 m² construídos1 quarto,"Rua Duarte De Azevedo, Santana, São Paulo Zona Norte, São Paulo",1.900
zona-norte,100 m² construídos3 quartos,"Avenida Ordem E Progresso, Jardim Das Laranjeiras, São Paulo Zona Norte, São Paulo",1.850
zona-norte,130 m² construídos3 quartos,"Rua Pedro Doll, Santana, São Paulo Zona Norte, São Paulo",2.500
zona-norte,48 m² construídos1 quarto,"Rua Ministro Romeiro Neto, Vila Basileia, São Paulo Zona Norte, São Paulo",1.350
zona-norte,96 m² construídos2 quartos,"Rua Jorge Duprat Figueiredo, Vila Paulista, São Paulo Zona Norte, São Paulo",2.700
zona-norte,44 m² construídos1 quarto,"Rua Duarte De Azevedo, Santana, São Paulo Zona Norte, São Paulo",1.900
zona-norte,67 m² construídos2 quartos,"Capitão Francisco Lipi, Vila Dom Pedro Ii, São Paulo Zona Norte, São Paulo",1.600
zona-norte,58 m² construídos2 quartos,"Rua Dona Martinha, Santa Teresinha, São Paulo Zona Norte, São Paulo",2.000
zona-norte,132 m² construídos3 quartos,"Rua Helena Gambini, Vila Bruna, São Paulo Zona Norte, São Paulo",2.800
zona-norte,56 m² construídos2 quartos,"Avenida João Pessoa, Lauzane Paulista, São Paulo Zona Norte, São Paulo",1.600
zona-norte,140 m² construídos3 quartos,"Rua José Jerônimo Vasconcelos, Parque Mandaqui, São Paulo Zona Norte, São Paulo",3.500
zona-norte,73 m² construídos3 quartos,"Rua Antônio Ribeiro De Morais, Vila Carbone, São Paulo Zona Norte, São Paulo",2.750
zona-norte,69 m² construídos2 quartos,"Rua Aluísio Azevedo, Santana, São Paulo Zona Norte, São Paulo",1.700
zona-norte,67 m² construídos2 quartos,"Rua Comendador Cesar Alfieri, Parque São Luís, São Paulo Zona Norte, São Paulo",1.285
zona-norte,31 m² construídos1 quarto,"Rua Torres Da Barra, Jardim Peri, São Paulo Zona Norte, São Paulo",1.500
zona-norte,50 m² construídos2 quartos,"Avenida Professora Virgília Rodrigues Alves De Carvalho Pinto, Jardim Leonor Mendes De Barros, São Paulo Zona Norte, São Paulo",1.790
zona-norte,230 m² construídos3 quartos,"Rua Doutor Guilherme Cristofel, Santana, São Paulo Zona Norte, São Paulo",5.500
zona-norte,82 m² construídos3 quartos,"Rua Judith Zumkeller, Parque Mandaqui, São Paulo Zona Norte, São Paulo",2.395
zona-norte,69 m² construídos2 quartos,"Rua Celso Vieira, Vila Pereira Barreto, São Paulo Zona Norte, São Paulo",2.800
zona-norte,50 m² construídos2 quartos,"Rua Santa Eudóxia 963 - Cs 8, Parque Peruche, São Paulo Zona Norte, São Paulo",1.300
zona-norte,44 m² construídos1 quarto,"Rua Duarte De Azevedo, Santana, São Paulo Zona Norte, São Paulo",1.900
zona-norte,44 m² construídos2 quartos,"Rua Jupiá, Santa Teresinha, São Paulo Zona Norte, São Paulo",3.820
zona-norte,200 m² construídos4 quartos,"Rua Conselheiro Moreira De Barros, Santana, São Paulo Zona Norte, São Paulo",2.300
zona-norte,100 m² construídos2 quartos,"Rua Américo Boaventura, Santana, São Paulo Zona Norte, São Paulo",2.000
zona-norte,46 m² construídos1 quarto,"Rua Ezequiel Freire, Santana, São Paulo Zona Norte, São Paulo",1.950
zona-norte,60 m² construídos2 quartos,"Rua Aragão, Vila Mazzei, São Paulo Zona Norte, São Paulo",2.350
zona-norte,46 m² construídos1 quarto,"Rua Ministro Romeiro Neto, Vila Basileia, São Paulo Zona Norte, São Paulo",1.200
zona-norte,98 m² construídos2 quartos,"Rua Juami, Vila Ester (zona Norte), São Paulo Zona Norte, São Paulo",2.650
zona-norte,150 m² construídos2 quartos,"Rua Estevão Furquim, Jardim Peri, São Paulo Zona Norte, São Paulo",2.750
zona-norte,89 m² construídos2 quartos,"Avenida Paula Ferreira, Freguesia Do Ó, São Paulo Zona Norte, São Paulo",2.250
zona-norte,80 m² construídos2 quartos,"Rua Alexandre Azevedo, Vila Mazzei, São Paulo Zona Norte, São Paulo",1.699
zona-norte,70 m² construídos2 quartos,"Rua Copacabana, Santa Teresinha, São Paulo Zona Norte, São Paulo",1.650
zona-norte,320 m² construídos4 quartos,"Rua Camatei, Vila Nivi, São Paulo Zona Norte, São Paulo",3.750
zona-norte,45 m² construídos1 quarto,"Rua Guarajá, Vila Mazzei, São Paulo Zona Norte, São Paulo",2.000
zona-norte,49 m² construídos2 quartos,"Rua Balsa, Vila Arcádia, São Paulo Zona Norte, São Paulo",1.450
zona-norte,50 m² construídos1 quarto,"Alameda Joaquim Eugênio De Lima, Jardim Paulistano (zona Norte), São Paulo Zona Norte, São Paulo",2.225
zona-norte,70 m² construídos3 quartos,"Avenida Daniel Malettini, Vila Aurora, São Paulo Zona Norte, São Paulo",1.300
zona-sul,68 m² construídos2 quartos,"Rua Major Freire, Vila Monte Alegre, São Paulo Zona Sul, São Paulo",1.560
zona-sul,42 m² construídos1 quarto,"Rua Joaquim Távora, 791, Add Vila Mariana, Vila Mariana, São Paulo Zona Sul, São Paulo",2.700
zona-sul,76 m² construídos3 quartos,"Rua Bento Coelho Da Silveira, Vila Campestre, São Paulo Zona Sul, São Paulo",1.150
zona-sul,53 m² construídos2 quartos,"Rua José Alves De Almeida, Jardim Celeste, São Paulo Zona Sul, São Paulo",1.153
zona-sul,85 m² construídos3 quartos,"Rua Oliveira Alves, Ipiranga, São Paulo Zona Sul, São Paulo",2.950
zona-sul,54 m² construídos2 quartos,"Rua Cisplatina, Ipiranga, São Paulo Zona Sul, São Paulo",1.200
zona-sul,140 m² construídos3 quartos,"Rua Democratas, Vila Monte Alegre, São Paulo Zona Sul, São Paulo",2.330
zona-sul,65 m² construídos2 quartos,"Avenida Leonardo Da Vinci, Vila Guarani (z Sul), São Paulo Zona Sul, São Paulo",1.400
zona-sul,28 m² construídos1 quarto,"Oliveira Alves 250, Ipiranga, São Paulo Zona Sul, São Paulo",1.250
zona-sul,35 m² construídos1 quarto,"Avenida Benigno Carrera, Vila Campestre, São Paulo Zona Sul, São Paulo",900
zona-sul,50 m² construídos2 quartos,"Rua João Bethcem Moreira Filho, Cidade Domitila, São Paulo Zona Sul, São Paulo",1.260
zona-sul,65 m² construídos2 quartos,"Rua Deputado João Sussumu Hirata, Vila Andrade, São Paulo Zona Sul, São Paulo",1.350
zona-sul,32 m² construídos1 quarto,"Rua Otávio Tarquínio De Sousa, Campo Belo, São Paulo Zona Sul, São Paulo",1.530
zona-sul,30 m² construídos1 quarto,"Rua Tenente Otávio Gomes, Aclimação, São Paulo Zona Sul, São Paulo",700
zona-sul,55 m² construídos1 quarto,"Rua Marquês De Maricá, Sacomã, São Paulo Zona Sul, São Paulo",1.100
zona-sul,23 m² construídos1 quarto,"Rua Doutor Aramis Ataíde, Vila Cruzeiro, São Paulo Zona Sul, São Paulo",1.100
zona-sul,25 m² construídos1 quarto,"Rua Manoel Correia Júnior, Saúde, São Paulo Zona Sul, São Paulo",1.358
zona-sul,40 m² construídos1 quarto,"Rua Jurupari, Jardim Oriental, São Paulo Zona Sul, São Paulo",1.000
zona-sul,68 m² construídos2 quartos,"Avenida Lacerda Franco, Cambuci, São Paulo Zona Sul, São Paulo",1.500
zona-sul,75 m² construídos2 quartos,"Rua Tenente Azevedo, Aclimação, São Paulo Zona Sul, São Paulo",2.800
zona-sul,45 m² construídos1 quarto,"Rua Dois De Julho, Ipiranga, São Paulo Zona Sul, São Paulo",2.350
zona-sul,60 m² construídos2 quartos,"Avenida Macuco, Moema, São Paulo Zona Sul, São Paulo",2.600
zona-sul,300 m² construídos4 quartos,"Rua Carlos Petti, Vila Mariana, São Paulo Zona Sul, São Paulo",10.000
zona-sul,73 m² construídos3 quartos,"Rua Ângelo Bertini, Jardim Celeste, São Paulo Zona Sul, São Paulo",2.600
zona-sul,29 m² construídos1 quarto,"Rua Santa Rita D#39oeste, Vila Do Encontro, São Paulo Zona Sul, São Paulo",850
zona-sul,68 m² construídos2 quartos,"Rua Doutor Nicolau Alberto Defina, Jardim Da Saúde, São Paulo Zona Sul, São Paulo",900
zona-sul,107 m² construídos2 quartos,"Rua Caconde, Jardim Paulista, São Paulo Zona Sul, São Paulo",4.000
zona-sul,110 m² construídos2 quartos,"Alameda Campinas, Jardim Paulista, São Paulo Zona Sul, São Paulo",4.600
zona-sul,74 m² construídos3 quartos,"Av. Interlagos, Interlagos, São Paulo Zona Sul, São Paulo",1.900
zona-sul,27 m² construídos1 quarto,"Avenida Ibirapuera, Indianópolis, São Paulo Zona Sul, São Paulo",792
zona-sul,28 m² construídos1 quarto,"Rua Osvaldo De Andrade, Vila Cruzeiro, São Paulo Zona Sul, São Paulo",1.200
zona-sul,77 m² construídos2 quartos,"Rua Gomes De Carvalho, Vila Olímpia, São Paulo Zona Sul, São Paulo",2.900
zona-sul,155 m² construídos3 quartos,"Alameda Jaú, Jardim Paulista, São Paulo Zona Sul, São Paulo",2.900
zona-sul,40 m² construídos1 quarto,"Alameda Casa Branca, Jardim Paulista, São Paulo Zona Sul, São Paulo",3.100
zona-sul,34 m² construídos1 quarto,"Rua José Antônio Coelho, Vila Mariana, São Paulo Zona Sul, São Paulo",1.660
zona-sul,54 m² construídos1 quarto,"Rua Cruz E Souza, Aclimação, São Paulo Zona Sul, São Paulo",2.000
zona-sul,57 m² construídos2 quartos,"Rua Agostinho Gomes, Ipiranga, São Paulo Zona Sul, São Paulo",1.866
zona-sul,40 m² construídos1 quarto,"Rua Clodomiro Amazonas, Vila Nova Conceição, São Paulo Zona Sul, São Paulo",3.300
zona-sul,35 m² construídos1 quarto,"Rua Dois De Julho, Ipiranga, São Paulo Zona Sul, São Paulo",1.700
zona-sul,45 m² construídos1 quarto,"Rua Barão Do Triunfo, Brooklin Paulista, São Paulo Zona Sul, São Paulo",1.800
zona-sul,148 m² construídos3 quartos,"Rua Santo Irineu, Bosque Da Saúde, São Paulo Zona Sul, São Paulo",8.250
zona-sul,43 m² construídos1 quarto,"Rua Gomes De Carvalho, Vila Olímpia, São Paulo Zona Sul, São Paulo",2.700
zona-sul,150 m² construídos3 quartos,"Rua Capitao Pinto Ferreira, Jardim Paulista, São Paulo Zona Sul, São Paulo",4.000
zona-sul,103 m² construídos3 quartos,"Rua Joaquim Távora, Vila Mariana, São Paulo Zona Sul, São Paulo",5.800
zona-sul,30 m² construídos1 quarto,"Rua Taquaruçu, Vila Parque Jabaquara, São Paulo Zona Sul, São Paulo",980
zona-sul,57 m² construídos2 quartos,"Rua Costa Aguiar, Ipiranga, São Paulo Zona Sul, São Paulo",1.906
zona-sul,75 m² construídos2 quartos,"Avenida Santo Amaro, Brooklin Paulista, São Paulo Zona Sul, São Paulo",1.700
zona-sul,309 m² construídos4 quartos,"Avenida Washington Luís 1576, Santo Amaro, São Paulo Zona Sul, São Paulo",6.000
zona-sul,55 m² construídos1 quarto,"Rua Nelson Gama De Oliveira, Vila Andrade, São Paulo Zona Sul, São Paulo",1.900
zona-sul,47 m² construídos1 quarto,"Rua Álvaro Luís Roberto De Assumpção, Campo Belo, São Paulo Zona Sul, São Paulo",2.666
zona-sul,44 m² construídos1 quarto,"Rua Viaza, Jardim Aeroporto, São Paulo Zona Sul, São Paulo",2.550
zona-sul,68 m² construídos1 quarto,"Rua Maratona, Vila Alexandria, São Paulo Zona Sul, São Paulo",4.500
zona-sul,64 m² construídos2 quartos,"Avenida Cupecê, Jardim Prudência, São Paulo Zona Sul, São Paulo",2.100
zona-sul,56 m² construídos2 quartos,"Avenida Itaboraí, Bosque Da Saúde, São Paulo Zona Sul, São Paulo",1.600
zona-sul,15 m² construídos1 quarto,"Rua Doutor Willian Carlos Cassab, Vila Sônia, São Paulo Zona Sul, São Paulo",1.150
zona-sul,41 m² construídos1 quarto,"Rua Marquesa De Santos, Vila Dom Pedro I, São Paulo Zona Sul, São Paulo",2.400
zona-sul,20 m² construídos1 quarto,"Rua Clímaco Barbosa, Cambuci, São Paulo Zona Sul, São Paulo",1.210
zona-sul,18 m² construídos1 quarto,"Rua Guedes Galvão, Parque Jabaquara, São Paulo Zona Sul, São Paulo",645
zona-sul,82 m² construídos2 quartos,"Alameda Joaquim Eugênio De Lima, Jardim Paulista, São Paulo Zona Sul, São Paulo",3.900
zona-sul,105 m² construídos3 quartos,"Rua Manoel Carneiro Silva, Bosque Da Saúde, São Paulo Zona Sul, São Paulo",2.100
zona-sul,44 m² construídos1 quarto,"Rua Calixto Da Mota, Vila Mariana, São Paulo Zona Sul, São Paulo",2.600
zona-sul,130 m² construídos4 quartos,"Praça Nami Jafet, Ipiranga, São Paulo Zona Sul, São Paulo",3.900
zona-sul,40 m² construídos1 quarto,"Rua Nossa Senhora Da Saude, Vila Das Mercês, São Paulo Zona Sul, São Paulo",1.200
zona-sul,80 m² construídos2 quartos,"Rua Silva Bueno, Ipiranga, São Paulo Zona Sul, São Paulo",1.800
zona-sul,58 m² construídos2 quartos,"Rua Canário, Moema, São Paulo Zona Sul, São Paulo",2.800
zona-sul,38 m² construídos1 quarto,"Rua Dois De Julho, Ipiranga, São Paulo Zona Sul, São Paulo",1.900
zona-sul,60 m² construídos2 quartos,"Rua Aquiles Jovane, Jardim Celeste, São Paulo Zona Sul, São Paulo",1.200
zona-sul,30 m² construídos1 quarto,"Avenida Moema, Moema, São Paulo Zona Sul, São Paulo",1.800
zona-sul,50 m² construídos2 quartos,"Rua André Luís, Vila Das Mercês, São Paulo Zona Sul, São Paulo",1.500
zona-sul,39 m² construídos1 quarto,"Rua Monsenhor Jerônimo Rodrigues, Jardim Clímax, São Paulo Zona Sul, São Paulo",820
zona-sul,55 m² construídos1 quarto,"Rua Marquês De Maricá, Sacomã, São Paulo Zona Sul, São Paulo",1.100
zona-sul,63 m² construídos2 quartos,"Avenida Dos Carinás, Indianópolis, São Paulo Zona Sul, São Paulo",3.200
zona-sul,100 m² construídos2 quartos,"Rua Peixoto Gomide, Jardim Paulista, São Paulo Zona Sul, São Paulo",3.500
zona-sul,92 m² construídos2 quartos,"Rua Domingos De Morais, Vila Mariana, São Paulo Zona Sul, São Paulo",3.500
zona-sul,55 m² construídos2 quartos,"Rua Laranjal, Vila Marte, São Paulo Zona Sul, São Paulo",1.300
zona-sul,110 m² construídos3 quartos,"Avenida Nove De Julho, Jardim Paulista, São Paulo Zona Sul, São Paulo",4.000
zona-sul,176 m² construídos3 quartos,"Rua Leandro Dupret, Vila Clementino, São Paulo Zona Sul, São Paulo",10.000
zona-sul,61 m² construídos2 quartos,"Rua Visconde De Inhaúma, Vila Da Saúde, São Paulo Zona Sul, São Paulo",2.900
zona-sul,100 m² construídos2 quartos,"Rua Abílio Soares, Paraíso, São Paulo Zona Sul, São Paulo",2.600
zona-sul,30 m² construídos1 quarto,"Rua João Cachoeira, Vila Nova Conceição, São Paulo Zona Sul, São Paulo",4.800
zona-sul,38 m² construídos1 quarto,"Rua Vieira De Morais, Campo Belo, São Paulo Zona Sul, São Paulo",2.200
zona-sul,59 m² construídos2 quartos,"Avenida Engenheiro Armando De Arruda Pereira, Jabaquara, São Paulo Zona Sul, São Paulo",1.762
zona-sul,45 m² construídos2 quartos,"Rua Doutor Nicolau De Sousa Queirós, Vila Mariana, São Paulo Zona Sul, São Paulo",2.400
zona-sul,73 m² construídos2 quartos,"Rua Dos Curupiás, Jabaquara, São Paulo Zona Sul, São Paulo",1.551
zona-sul,100 m² construídos3 quartos,"Rua Doutor Neto De Araújo, Vila Mariana, São Paulo Zona Sul, São Paulo",2.780
zona-sul,90 m² construídos2 quartos,"Rua Bamboré, Ipiranga, São Paulo Zona Sul, São Paulo",2.700
zona-sul,49 m² construídos1 quarto,"Rua Charles Spencer Chaplin, Vila Andrade, São Paulo Zona Sul, São Paulo",2.250
zona-sul,105 m² construídos3 quartos,"Avenida Brigadeiro Luís Antônio, Jardim Paulista, São Paulo Zona Sul, São Paulo",3.751
zona-sul,80 m² construídos2 quartos,"Rua Manuel Buchalla, Sacomã, São Paulo Zona Sul, São Paulo",1.400
zona-sul,125 m² construídos1 quarto,"Rua Deputado Laércio Corte, Paraíso Do Morumbi, São Paulo Zona Sul, São Paulo",3.650
zona-sul,70 m² construídos1 quarto,"Rua Pires Da Mota, Aclimação, São Paulo Zona Sul, São Paulo",2.200
zona-sul,42 m² construídos2 quartos,"Rua Bicudo De Brito, Vila Guarani (z Sul), São Paulo Zona Sul, São Paulo",1.800
zona-sul,95 m² construídos3 quartos,"Rua Indiana, Brooklin Paulista, São Paulo Zona Sul, São Paulo",2.600
zona-sul,15 m² construídos1 quarto,"Avenida Nhandú, Planalto Paulista, São Paulo Zona Sul, São Paulo",1.200
zona-sul,123 m² construídos3 quartos,"Rua Pamplona, Jardim Paulista, São Paulo Zona Sul, São Paulo",5.600
zona-sul,98 m² construídos2 quartos,"Avenida Nove De Julho, Jardim Paulista, São Paulo Zona Sul, São Paulo",4.000
zona-sul,72 m² construídos2 quartos,"Rua Rio Grande, Vila Mariana, São Paulo Zona Sul, São Paulo",2.350
zona-sul,65 m² construídos2 quartos,"Rua Jovina, Vila Mascote, São Paulo Zona Sul, São Paulo",2.200
zona-sul,115 m² construídos3 quartos,"Rua Jesuíno Arruda, Itaim Bibi, São Paulo Zona Sul, São Paulo",3.500
zona-sul,57 m² construídos2 quartos,"Rua Leopoldo De Bulhões, Vila Clementino, São Paulo Zona Sul, São Paulo",3.400
zona-sul,150 m² construídos3 quartos,"Rua Adelino Alves, Santo Amaro, São Paulo Zona Sul, São Paulo",4.330
zona-sul,85 m² construídos2 quartos,"Rua Professor Vahia De Abreu, Vila Olímpia, São Paulo Zona Sul, São Paulo",2.600
zona-sul,72 m² construídos2 quartos,"Rua Adolfo Reile, Jardim Celeste, São Paulo Zona Sul, São Paulo",2.750
zona-sul,45 m² construídos1 quarto,"Rua Borges Lagoa, Vila Clementino, São Paulo Zona Sul, São Paulo",2.900
zona-sul,42 m² construídos2 quartos,"Avenida Dos Ourives, Jardim São Savério, São Paulo Zona Sul, São Paulo",1.140
zona-sul,70 m² construídos3 quartos,"Rua Doutor Ubaldo Franco Caiubi, Vila São Paulo, São Paulo Zona Sul, São Paulo",1.690
zona-sul,86 m² construídos2 quartos,"Avenida Coronel José Píres De Andrade, Vila Moinho Velho, São Paulo Zona Sul, São Paulo",3.960
zona-sul,50 m² construídos2 quartos,"Rua Casa Do Ator, Vila Olímpia, São Paulo Zona Sul, São Paulo",3.500
zona-sul,52 m² construídos1 quarto,"Rua Quatá, Vila Olímpia, São Paulo Zona Sul, São Paulo",2.900
zona-sul,60 m² construídos2 quartos,"Alameda Jaú, Jardim Paulista, São Paulo Zona Sul, São Paulo",3.000
zona-sul,70 m² construídos2 quartos,"Rua Edson, Campo Belo, São Paulo Zona Sul, São Paulo",2.831
zona-sul,34 m² construídos1 quarto,"Rua Gomes De Carvalho, Vila Olímpia, São Paulo Zona Sul, São Paulo",2.000
zona-sul,74 m² construídos2 quartos,"Rua Casa Do Ator, Vila Olímpia, São Paulo Zona Sul, São Paulo",4.473
zona-sul,34 m² construídos1 quarto,"Rua Viaza, Jardim Aeroporto, São Paulo Zona Sul, São Paulo",2.816
zona-sul,69 m² construídos2 quartos,"Rua Antônio De Macedo Soares, 1471 - Campo Belo, São Paulo - Sp, Brasil, Campo Belo, São Paulo Zona Sul, São Paulo",2.300
zona-sul,78 m² construídos2 quartos,"Rua Maracá, Vila Guarani (z Sul), São Paulo Zona Sul, São Paulo",3.175
zona-sul,36 m² construídos1 quarto,"Rua Lavapés, Cambuci, São Paulo Zona Sul, São Paulo",2.100
zona-sul,41 m² construídos1 quarto,"Rua Marquesa Santos, Vila Dom Pedro I, São Paulo Zona Sul, São Paulo",2.210
zona-sul,104 m² construídos2 quartos,"Rua Tutóia, Vila Mariana, São Paulo Zona Sul, São Paulo",4.000
zona-sul,94 m² construídos2 quartos,"Rua Domiciano Leite Ribeiro, Vila Guarani (z Sul), São Paulo Zona Sul, São Paulo",4.000
zona-sul,92 m² construídos3 quartos,"Rua Vigário Albernaz, Vila Gumercindo, São Paulo Zona Sul, São Paulo",2.184
zona-sul,72 m² construídos3 quartos,"Rua Pedro Victor, Vila Firmiano Pinto, São Paulo Zona Sul, São Paulo",2.600
zona-sul,118 m² construídos3 quartos,"Rua Agostinho Asquini, Vila Mariana, São Paulo Zona Sul, São Paulo",2.600
zona-sul,90 m² construídos3 quartos,"Rua Bento De Matos, Chácara Santo Antônio, São Paulo Zona Sul, São Paulo",2.750
zona-sul,70 m² construídos2 quartos,"Rua Ibituruna, Parque Imperial, São Paulo Zona Sul, São Paulo",2.700
zona-sul,83 m² construídos2 quartos,"Rua Jorge Chammas, Vila Mariana, São Paulo Zona Sul, São Paulo",5.000
zona-sul,93 m² construídos2 quartos,"Rua Helena, 151 - Vila Olimpia, São Paulo - Sp, Brasil, Vila Olímpia, São Paulo Zona Sul, São Paulo",7.800
zona-sul,47 m² construídos2 quartos,"Rua Doutor Nicolau Alberto Defina, Jardim Da Saúde, São Paulo Zona Sul, São Paulo",1.300
zona-sul,41 m² construídos1 quarto,"Avenida Chibarás, Moema, São Paulo Zona Sul, São Paulo",2.500
zona-sul,40 m² construídos1 quarto,"Rua Guarará, Jardim Paulista, São Paulo Zona Sul, São Paulo",4.000
zona-sul,30 m² construídos1 quarto,"Rua Gaspar Lourenço, Vila Mariana, São Paulo Zona Sul, São Paulo",1.650
zona-sul,75 m² construídos2 quartos,"Rua Gama Lobo, Vila Dom Pedro I, São Paulo Zona Sul, São Paulo",2.000
zona-sul,64 m² construídos2 quartos,"Avenida Dos Ourives, Jardim São Savério, São Paulo Zona Sul, São Paulo",1.600
zona-sul,40 m² construídos2 quartos,"Avenida Cupecê, Jardim Prudência, São Paulo Zona Sul, São Paulo",1.700
zona-sul,47 m² construídos2 quartos,"Rua Viena, Sacomã, São Paulo Zona Sul, São Paulo",1.800
zona-sul,47 m² construídos2 quartos,"Rua Loureiro Da Cruz, Aclimação, São Paulo Zona Sul, São Paulo",2.000
zona-sul,34 m² construídos1 quarto,"Avenida Lins De Vasconcelos, Vila Mariana, São Paulo Zona Sul, São Paulo",1.400
zona-sul,50 m² construídos2 quartos,"Rua Farid Miguel Haddad, Vila Santa Teresa (zona Sul), São Paulo Zona Sul, São Paulo",1.100
zona-sul,50 m² construídos2 quartos,"Avenida Dos Ourives, Jardim São Savério, São Paulo Zona Sul, São Paulo",1.272
zona-sul,89 m² construídos3 quartos,"Rua Nicola Rollo, Vila Andrade, São Paulo Zona Sul, São Paulo",2.700
zona-sul,178 m² construídos3 quartos,"Rua Pamplona, Jardim Paulista, São Paulo Zona Sul, São Paulo",7.000
zona-sul,49 m² construídos2 quartos,"Rua Viena, Sacomã, São Paulo Zona Sul, São Paulo",1.256
zona-sul,100 m² construídos2 quartos,"Rua Apacê, Jardim Oriental, São Paulo Zona Sul, São Paulo",1.800
zona-sul,41 m² construídos1 quarto,"Avenida Mascote, Vila Mascote, São Paulo Zona Sul, São Paulo",2.000
zona-sul,48 m² construídos2 quartos,"Rua José Bonifácio, Vila Fachini, São Paulo Zona Sul, São Paulo",1.100
zona-sul,35 m² construídos1 quarto,"Rua José Antônio Coelho, Vila Mariana, São Paulo Zona Sul, São Paulo",1.550
zona-sul,72 m² construídos2 quartos,"Avenida Fagundes Filho, Vila Monte Alegre, São Paulo Zona Sul, São Paulo",1.900
zona-sul,54 m² construídos1 quarto,"Rua Gabriele D#39annunzio, Campo Belo, São Paulo Zona Sul, São Paulo",4.200
